{
    "train epoch loss": [
        96.79238446553548,
        7.867664998209374,
        2.326760682489118,
        1.19596581601689
    ],
    "val epoch loss": [
        34.160887974564744,
        6.091784943816482,
        3.898332380479382,
        1.518321870475687
    ]
}