{
    "train epoch loss": [
        2.3313029517475354,
        2.267058981789483,
        0.9755657331046895,
        0.2458269584637422
    ],
    "val epoch loss": [
        2.3242885374253794,
        2.1089578367048696,
        0.3562465678620082,
        0.19065631477422612
    ]
}