{
    "train epoch loss": [
        1.6348354058387953,
        0.5206036773948078,
        0.07061088749199597,
        0.047304165520920205
    ],
    "val epoch loss": [
        1.3224815899325955,
        0.09100607578312198,
        0.06800068253951688,
        0.037347042372310034
    ]
}