{
    "train epoch loss": [
        18.587070460197253,
        3.249285222730066,
        0.7282047091386257,
        0.26352829510330134
    ],
    "val epoch loss": [
        4.588787647985643,
        1.3353476729444278,
        0.33962046843703075,
        73802.18181171741
    ]
}